City_ID,City,Lat,Lng,Max Temp,Humidity,Cloudiness,Wind Speed,Country,Date
0,edinburgh of the seven seas,-37.0676,-12.3116,14.22,81,4,8.38,SH,1699816378
1,kodiak,57.79,-152.4072,1.73,60,0,2.06,US,1699816349
2,as sulayyil,20.4607,45.5779,23.14,37,77,3.79,SA,1699816379
3,stanley,54.868,-1.6985,6.51,92,75,3.6,GB,1699816379
4,vilyuysk,63.7553,121.6247,-20.24,99,42,2.16,RU,1699816379
5,bilibino,68.0546,166.4372,-13.18,89,100,3.47,RU,1699816380
6,blackmans bay,-43.0167,147.3167,8.07,80,9,0.45,AU,1699816380
7,road town,18.4167,-64.6167,31.05,70,75,5.14,VG,1699816380
8,anadyr,64.75,177.4833,-0.72,92,20,7.0,RU,1699816381
9,sterling,39.0062,-77.4286,11.42,53,20,3.13,US,1699816134
10,walvis bay,-22.9575,14.5053,15.74,80,10,0.77,NA,1699816381
11,nar'yan-mar,67.6713,53.087,-8.27,94,16,2.68,RU,1699816381
12,santa maria,-29.6842,-53.8069,23.65,96,86,5.42,BR,1699816381
13,akbarabad,29.2464,52.7793,9.79,34,99,1.25,IR,1699816382
14,grytviken,-54.2811,-36.5092,5.46,81,100,2.51,GS,1699816382
15,ribeira grande,38.5167,-28.7,21.22,88,75,10.29,PT,1699816382
16,dudinka,69.4058,86.1778,-0.74,98,100,7.6,RU,1699816383
17,mount gambier,-37.8333,140.7667,6.95,95,37,0.47,AU,1699816383
18,port blair,11.6667,92.75,25.02,94,75,0.51,IN,1699816384
19,ilulissat,69.2167,-51.1,-9.99,62,75,0.0,GL,1699816384
20,iskateley,67.6803,53.1512,-8.32,94,16,2.68,RU,1699816384
21,st. john's,47.5649,-52.7093,1.2,83,100,1.34,CA,1699816254
22,dickinson,29.4608,-95.0513,18.98,87,100,3.09,US,1699816385
23,la passe,45.5549,-0.8967,16.13,91,100,6.35,FR,1699816385
24,yellowknife,62.456,-114.3525,-5.88,96,100,9.26,CA,1699816385
25,mosjoen,65.836,13.1908,0.23,79,0,0.51,NO,1699816386
26,cidreira,-30.1811,-50.2056,20.51,96,100,3.62,BR,1699816386
27,tolanaro,-25.0319,46.9987,21.72,73,0,6.64,MG,1699816387
28,ushuaia,-54.8,-68.3,10.79,53,0,3.6,AR,1699816125
29,waitangi,-43.9535,-176.5597,13.23,82,100,2.24,NZ,1699816387
30,lebu,-37.6167,-73.65,11.4,56,3,8.12,CL,1699816388
31,new norfolk,-42.7826,147.0587,8.72,90,16,1.67,AU,1699816388
32,klyuchi,52.2667,79.1667,5.36,85,99,4.91,RU,1699816389
33,al hada,21.3675,40.2869,16.66,59,53,0.75,SA,1699816389
34,port-aux-francais,-49.35,70.2167,6.25,93,100,13.54,TF,1699816389
35,iqaluit,63.7506,-68.5145,-17.15,77,20,7.72,CA,1699816390
36,atafu village,-8.5421,-172.5159,28.65,71,100,0.77,TK,1699816390
37,villa gesell,-37.2639,-56.973,16.7,54,95,7.45,AR,1699816162
38,college,64.8569,-147.8028,-7.03,79,100,2.57,US,1699816149
39,albany,42.6001,-73.9662,5.88,54,10,1.79,US,1699816195
40,puerto san jose,13.9256,-90.8244,30.54,68,2,2.89,GT,1699816391
41,longyearbyen,78.2186,15.6401,-1.09,59,75,4.63,SJ,1699816391
42,bethel,41.3712,-73.414,7.34,56,0,2.57,US,1699816214
43,invercargill,-46.4,168.35,11.12,95,99,2.24,NZ,1699816220
44,san antonio de pale,-1.4014,5.6325,26.43,84,100,5.4,GQ,1699816392
45,puerto ayora,-0.7393,-90.3518,29.98,87,34,4.02,EC,1699816392
46,saguenay,48.4168,-71.0657,-0.51,73,100,3.6,CA,1699816393
47,menongue,-14.6585,17.691,21.65,65,91,4.46,AO,1699816394
48,margaret river,-33.95,115.0667,14.09,86,100,5.43,AU,1699816394
49,yerba buena,-26.8167,-65.3167,30.63,87,100,2.42,AR,1699816395
50,bahraigh,27.5833,81.6,19.17,53,0,1.74,IN,1699816396
51,alesund,62.4723,6.1549,4.07,70,0,4.12,NO,1699816396
52,bredasdorp,-34.5322,20.0403,14.53,76,0,1.64,ZA,1699816397
53,puerto leguizamo,-0.1934,-74.7819,28.33,86,38,1.72,CO,1699816397
54,sarmiento,-45.5882,-69.07,15.68,19,6,8.54,AR,1699816397
55,haiku-pauwela,20.9219,-156.3051,26.69,65,20,10.8,US,1699816398
56,port alfred,-33.5906,26.891,14.54,84,6,0.89,ZA,1699816398
57,jamestown,42.097,-79.2353,9.18,48,0,1.34,US,1699816219
58,upington,-28.4478,21.2561,24.21,19,0,2.57,ZA,1699816399
59,adamstown,-25.066,-130.1015,22.71,81,100,7.59,PN,1699816399
60,kristiansund,63.1115,7.732,1.36,75,0,1.54,NO,1699816399
61,lisakovsk,52.5369,62.4936,5.75,86,100,1.75,KZ,1699816400
62,ceeldheer,3.8488,47.1806,26.9,83,100,4.56,SO,1699816400
63,siwa oasis,29.2041,25.5195,23.74,40,0,2.67,EG,1699816400
64,kudahuvadhoo,2.6708,72.8944,27.6,73,40,1.77,MV,1699816401
65,muriti,-1.9833,32.9167,23.83,66,99,1.07,TZ,1699816401
66,greystones,53.1408,-6.0631,11.62,88,100,3.49,IE,1699816295
67,nagqu,31.5,92.0,-11.38,45,0,1.44,CN,1699816402
68,sorong,-0.8833,131.25,25.81,88,100,3.34,ID,1699816403
69,faranah,10.0404,-10.7434,26.08,46,74,0.15,GN,1699816403
70,la'ie,21.6477,-157.9253,27.98,77,7,2.24,US,1699816404
71,patterson,37.4716,-121.1297,19.45,48,93,3.94,US,1699816404
72,puerto natales,-51.7236,-72.4875,13.25,47,75,9.77,CL,1699816405
73,kapuskasing,49.4169,-82.4331,1.05,86,100,7.2,CA,1699816405
74,tiksi,71.6872,128.8694,-15.49,90,100,7.38,RU,1699816405
75,kaa-khem,51.6833,94.7333,-13.66,88,100,1.15,RU,1699816405
76,punta arenas,-53.15,-70.9167,9.92,62,98,9.49,CL,1699816190
77,port lincoln,-34.7333,135.8667,12.73,83,57,5.02,AU,1699816406
78,west richland,46.3043,-119.3614,11.33,72,0,6.17,US,1699816183
79,constantia,44.1833,28.65,6.38,42,100,5.64,RO,1699816290
80,priargunsk,50.3691,119.1012,-19.67,100,36,0.73,RU,1699816407
81,qaqortoq,60.7167,-46.0333,-5.86,83,2,0.8,GL,1699816407
82,kurchum,48.5722,83.6542,4.21,59,100,8.9,KZ,1699816408
83,udachny,66.4167,112.4,-13.64,84,100,2.61,RU,1699816408
84,luanco,43.6152,-5.7934,18.34,78,90,2.66,ES,1699816408
85,labrador city,52.9463,-66.9114,-5.36,81,100,5.16,CA,1699816210
86,rosetta,31.4044,30.4164,22.87,78,2,5.05,EG,1699816409
87,goshainganj,26.5833,82.3833,20.33,52,0,1.69,IN,1699816410
88,nouadhibou,20.931,-17.0347,21.99,68,0,5.66,MR,1699816410
89,berdigestyakh,62.0989,126.6992,-14.18,92,100,4.93,RU,1699816410
90,talnakh,69.4865,88.3972,-2.66,95,100,5.26,RU,1699816411
91,port mathurin,-19.6833,63.4167,25.23,80,0,2.25,MU,1699816411
92,quelimane,-17.8786,36.8883,25.97,83,0,3.09,MZ,1699816412
93,san julian,21.0167,-102.1667,22.43,47,69,3.04,MX,1699816412
94,kingscliff,-28.2667,153.5667,20.89,68,38,5.66,AU,1699816412
95,badger,64.8,-147.5333,-7.07,79,100,2.57,US,1699816413
96,rio grande,-32.035,-52.0986,16.06,85,100,0.9,BR,1699816413
97,arteche,12.2645,125.4048,26.18,88,100,2.08,PH,1699816414
98,danville,36.586,-79.395,16.21,46,0,3.09,US,1699816414
99,kilindoni,-7.9139,39.6668,26.83,80,100,2.81,TZ,1699816414
100,saipan,15.1355,145.701,28.39,78,20,4.63,MP,1699816414
101,mogocha,53.7333,119.7667,-10.78,68,0,1.18,RU,1699816415
102,hawaiian paradise park,19.5933,-154.9731,26.61,74,75,0.45,US,1699816415
103,motygino,58.1831,94.7592,-10.12,93,100,0.45,RU,1699816415
104,entebbe,0.0644,32.4469,22.52,75,75,2.23,UG,1699816416
105,thompson,55.7435,-97.8558,-1.91,93,100,2.57,CA,1699816418
106,saint-joseph,-21.3667,55.6167,20.21,80,24,3.02,RE,1699816418
107,quellon,-43.1167,-73.6167,9.16,63,99,1.63,CL,1699816418
108,khandyga,62.6667,135.6,-22.62,99,100,0.71,RU,1699816419
109,inyati,-19.6756,28.8469,24.18,17,14,3.34,ZW,1699816419
110,avarua,-21.2078,-159.775,22.03,64,75,2.57,CK,1699816419
111,keflavik,64.0049,-22.5624,4.24,70,75,8.75,IS,1699816420
112,alice springs,-23.7,133.8833,22.75,68,98,4.12,AU,1699816421
113,nadi,-17.8,177.4167,25.0,83,75,2.57,FJ,1699816421
114,verkhnevilyuysk,63.4453,120.3167,-20.8,99,39,1.97,RU,1699816422
115,port elizabeth,-33.918,25.5701,16.16,79,0,4.63,ZA,1699816422
116,tazovsky,67.4667,78.7,-4.39,95,100,6.27,RU,1699816422
117,fort frances,48.5999,-93.4003,3.42,87,100,3.09,CA,1699816422
118,ola,59.5833,151.2833,-10.64,67,100,7.09,RU,1699816423
119,onega,63.9061,38.1404,-3.57,87,26,5.37,RU,1699816423
120,vernon,50.2581,-119.2691,6.45,59,100,0.17,CA,1699816177
121,sisimiut,66.9395,-53.6735,-7.1,82,100,4.33,GL,1699816423
122,sao vicente,-23.9631,-46.3919,41.26,26,97,0.89,BR,1699816424
123,likasi,-10.9814,26.7333,18.32,94,100,1.79,CD,1699816424
124,penedo,-10.2903,-36.5864,28.73,48,4,6.02,BR,1699816424
125,isafjordur,66.0755,-23.124,2.29,79,100,2.23,IS,1699816424
126,lompoc,34.6391,-120.4579,28.34,31,0,5.36,US,1699816425
127,mwinilunga,-11.7358,24.4293,18.02,92,100,0.78,ZM,1699816425
128,enewetak,11.3474,162.3373,28.01,78,100,9.0,MH,1699816425
129,jertih,5.7336,102.4897,24.59,91,95,1.22,MY,1699816426
130,aleksandrov gay,50.147,48.5704,8.53,57,100,8.31,RU,1699816426
131,limon,10.0,-83.0333,29.47,89,75,6.17,CR,1699816426
132,ust-nera,64.5667,143.2,-24.26,99,100,0.95,RU,1699816427
133,lihue,21.9789,-159.3672,26.58,77,40,9.77,US,1699816427
134,tumen,42.9661,129.8425,-5.66,53,17,6.6,CN,1699816427
135,la mana,-0.9333,-79.2167,29.0,72,87,1.6,EC,1699816428
136,wailua homesteads,22.0669,-159.378,26.24,82,40,9.77,US,1699816428
137,kruisfontein,-34.0033,24.7314,12.5,82,0,3.46,ZA,1699816428
138,vilyuchinsk,52.9306,158.4028,-2.26,83,56,3.1,RU,1699816429
139,itoman,26.1247,127.6694,22.01,60,75,9.77,JP,1699816429
140,ar ruseris,11.8659,34.3869,30.13,45,17,0.28,SD,1699816429
141,santa cruz del sur,20.7147,-77.9956,28.93,73,56,5.73,CU,1699816429
142,sambava,-14.2667,50.1667,24.84,82,91,4.84,MG,1699816430
143,boende,-0.2167,20.8667,21.11,99,96,0.48,CD,1699816430
144,esmeraldas,-19.7625,-44.3139,37.08,18,10,1.86,BR,1699816430
145,chonchi,-42.6128,-73.8092,13.4,47,92,1.16,CL,1699816430
146,olonkinbyen,70.9221,-8.7187,-3.18,67,98,2.64,SJ,1699816431
147,howard springs,-12.497,131.047,26.95,80,84,2.11,AU,1699816431
148,aral,40.5156,81.2636,5.38,32,0,2.3,CN,1699816431
149,sassandra,4.95,-6.0833,26.11,87,8,2.53,CI,1699816432
150,anchorage,61.2181,-149.9003,-3.53,91,40,1.54,US,1699816214
151,north shore,-36.8,174.75,16.89,71,0,2.24,NZ,1699816432
152,tura,25.5198,90.2201,18.28,86,0,1.67,IN,1699816433
153,kodinsk,58.6881,99.1844,-9.76,97,59,1.57,RU,1699816433
154,mahibadhoo,3.7833,72.9667,27.39,77,77,1.92,MV,1699816433
155,rabigh,22.7986,39.0349,29.53,63,100,1.18,SA,1699816433
156,coronel suarez,-37.4547,-61.9334,17.88,19,98,3.97,AR,1699816434
157,hithadhoo,-0.6,73.0833,27.35,80,63,2.65,MV,1699816434
158,kayes,14.0,-11.0,33.2,14,100,2.6,ML,1699816434
159,whakatane,-37.9585,176.9854,15.49,77,0,0.89,NZ,1699816435
160,pacific grove,36.6177,-121.9166,23.01,63,0,4.47,US,1699816435
161,landerneau,48.4525,-4.2525,13.49,94,100,8.75,FR,1699816435
162,villamontes,-21.25,-63.5,44.37,18,1,2.83,BO,1699816436
163,lerwick,60.1545,-1.1494,8.0,77,23,5.37,GB,1699816436
164,shorewood,41.52,-88.2017,14.67,49,0,7.2,US,1699816436
165,saidpur,25.7777,88.8917,21.04,65,0,1.95,BD,1699816437
166,jacmel,18.2342,-72.5347,33.91,59,21,1.84,HT,1699816146
167,fukuecho,32.6881,128.8419,11.98,63,100,13.25,JP,1699816437
168,coquimbo,-29.9533,-71.3436,17.25,64,0,6.88,CL,1699816438
169,bukittinggi,-0.3091,100.3706,19.37,98,100,0.82,ID,1699816438
170,tralee,52.2704,-9.7026,9.92,97,100,3.14,IE,1699816439
171,bac lieu,9.285,105.7244,26.63,87,98,6.37,VN,1699816440
172,puerto deseado,-47.7503,-65.8938,10.05,42,69,10.29,AR,1699816285
173,bandundu,-3.3167,17.3667,21.83,96,96,1.5,CD,1699816441
174,constitucion,-35.3333,-72.4167,14.28,48,0,8.7,CL,1699816442
175,qulsary,46.9531,54.0198,6.0,60,52,6.64,KZ,1699816442
176,sabang,5.8933,95.3214,27.84,74,100,3.42,ID,1699816442
177,queenstown,-31.8976,26.8753,11.69,71,0,2.3,ZA,1699816443
178,papatowai,-46.5619,169.4708,11.39,89,100,1.92,NZ,1699816443
179,sao joao da barra,-21.6403,-41.0511,34.05,76,56,5.09,BR,1699816248
180,valentin gomez farias,28.2167,-106.5833,13.8,73,100,3.78,MX,1699816444
181,teluknaga,-6.0989,106.6381,29.1,100,20,2.06,ID,1699816444
182,sorsk,54.0033,90.2467,-6.59,92,100,2.1,RU,1699816444
183,polyarnyy,69.1989,33.4478,-7.37,97,88,4.82,RU,1699816445
184,chegdomyn,51.1167,133.0167,-14.23,97,100,0.19,RU,1699816445
185,berbera,10.4396,45.0143,28.46,74,81,3.9,SO,1699816445
186,kitimat,54.0524,-128.6534,3.21,64,100,1.79,CA,1699816446
187,zhoushan,30.0108,122.2047,10.54,58,10,10.48,CN,1699816446
188,minas de marcona,-15.2119,-75.1103,17.18,79,85,7.35,PE,1699816183
189,ambodifotatra,-16.9833,49.85,25.2,71,40,2.42,MG,1699816447
190,hermanus,-34.4187,19.2345,15.84,77,0,3.51,ZA,1699816447
191,sitka,57.0531,-135.33,4.94,81,0,2.57,US,1699816447
192,kutum,14.2,24.6667,27.41,27,100,1.18,SD,1699816448
193,eket,4.6412,7.9209,25.38,90,61,2.16,NG,1699816448
194,ancud,-41.8697,-73.8203,9.81,51,53,4.8,CL,1699816184
195,aasiaat,68.7098,-52.8699,-13.26,84,99,3.28,GL,1699816448
196,axim,4.8699,-2.2405,26.66,86,4,3.52,GH,1699816449
197,bardai,11.65,7.2333,25.35,21,2,2.86,NG,1699816449
198,esikhaleni,-28.871,31.8996,20.16,79,100,6.02,ZA,1699816449
199,dikhil,11.5,42.1667,24.81,66,15,4.39,DJ,1699816450
200,saldanha,-33.0117,17.9442,16.03,81,0,11.05,ZA,1699816450
201,prince rupert,54.3161,-130.3201,6.83,70,100,6.17,CA,1699816450
202,stirling,56.119,-3.9368,7.62,88,100,2.68,GB,1699816450
203,wafangdian,39.6183,122.0081,-4.32,63,0,2.9,CN,1699816451
204,zeya,53.75,127.2667,-3.62,42,15,4.13,RU,1699816451
205,egilsstadir,65.2653,-14.3948,-2.05,93,75,4.12,IS,1699816451
206,punta del este,-34.9667,-54.95,19.06,69,75,9.77,UY,1699816451
207,karwar,14.8,74.1333,26.02,66,100,2.0,IN,1699816452
208,oppdal,62.5943,9.6912,-5.71,82,28,3.22,NO,1699816452
209,beloyarskiy,63.7119,66.6722,-7.78,98,67,2.24,RU,1699816156
210,kiunga,-6.1219,141.2906,21.38,99,41,0.93,PG,1699816453
211,ustka,54.5805,16.8619,4.8,87,100,4.26,PL,1699816453
212,angra do heroismo,38.65,-27.2167,21.34,94,40,6.26,PT,1699816166
213,cognac,45.5,-0.25,15.78,94,100,5.14,FR,1699816454
214,bonanza,14.0289,-84.591,26.91,89,79,1.84,NI,1699816454
215,vredendal,-31.6683,18.5012,17.3,56,0,7.7,ZA,1699816455
216,vyetka,52.5591,31.1794,4.43,100,100,9.0,BY,1699816455
217,tarakan,3.3,117.6333,26.78,80,100,2.65,ID,1699816455
218,west island,-12.1568,96.8225,25.99,89,75,3.6,CC,1699816456
219,caleta de carquin,-11.0925,-77.6267,22.17,74,31,5.17,PE,1699816457
220,anna regina,7.2644,-58.5077,29.23,70,8,5.14,GY,1699816457
221,parfino,57.9731,31.6481,2.91,96,100,4.17,RU,1699816457
222,masterton,-40.9597,175.6575,13.82,79,100,2.57,NZ,1699816234
223,malindi,-3.2175,40.1191,26.51,84,100,2.76,KE,1699816458
224,san miguel,13.4833,-88.1833,32.87,56,7,1.09,SV,1699816459
225,sidi khaled,34.387,4.9879,21.87,29,0,4.36,DZ,1699816459
226,nikolayevsk-on-amure,53.1406,140.73,-8.49,92,80,4.59,RU,1699816459
227,baytown,29.7355,-94.9774,19.49,88,100,3.31,US,1699816231
228,nueva gerona,21.8833,-82.8,28.7,59,100,4.32,CU,1699816460
229,puerto armuelles,8.2833,-82.8667,30.99,84,100,3.13,PA,1699816460
230,eastham,41.8301,-69.9739,6.65,58,100,2.24,US,1699816461
231,porus,18.0354,-77.4117,31.43,55,70,4.35,JM,1699816461
232,hasaki,35.7333,140.8333,8.22,82,79,10.68,JP,1699816461
233,wau,7.7029,27.9953,28.22,55,79,1.91,SS,1699816461
234,jayapura,-2.5333,140.7,23.66,89,100,1.3,ID,1699816462
235,pimenta bueno,-11.6725,-61.1936,35.93,37,58,3.67,BR,1699816215
236,ormara,25.2088,64.6357,26.0,50,28,3.06,PK,1699816462
237,pizarro,4.9533,-77.366,26.34,88,100,2.49,CO,1699816463
238,beau vallon,-20.4189,57.6953,22.34,88,20,0.0,MU,1699816463
239,grao de murviedro,39.6417,-0.2389,22.68,56,0,2.57,ES,1699816464
240,whitehorse,60.7161,-135.0538,-1.57,86,100,4.63,CA,1699816464
241,susuman,62.7833,148.1667,-34.18,98,100,0.37,RU,1699816464
242,cadale,2.7603,46.3222,28.19,75,22,3.92,SO,1699816465
243,alto araguaia,-17.3147,-53.2153,38.31,16,100,4.28,BR,1699816465
244,ivins,37.1686,-113.6794,18.96,17,0,0.89,US,1699816466
245,okha,53.5739,142.9478,-4.7,90,100,6.82,RU,1699816467
246,pekanbaru,0.5333,101.45,26.18,94,100,1.54,ID,1699816467
247,yugorsk,61.3133,63.3319,-2.28,97,96,2.0,RU,1699816467
248,scarborough,54.2797,-0.4044,7.87,87,100,1.34,GB,1699816468
249,arica,-18.475,-70.3042,23.75,70,38,3.93,CL,1699816185
250,kingston,17.997,-76.7936,32.36,71,26,2.24,JM,1699816358
251,blacksburg,37.2296,-80.4139,14.66,50,0,0.45,US,1699816345
252,manokwari,-0.8667,134.0833,25.66,79,100,1.92,ID,1699816469
253,shingu,33.7333,135.9833,10.79,69,82,10.01,JP,1699816469
254,ganshui,28.7422,106.7111,10.25,88,100,0.98,CN,1699816469
255,petauke,-14.2426,31.3253,25.09,52,92,2.42,ZM,1699816470
256,basco,20.4487,121.9702,26.2,81,88,12.24,PH,1699816470
257,hit,33.6416,42.8251,23.2,27,100,2.48,IQ,1699816470
258,yanchep,-31.55,115.6833,18.86,81,100,3.36,AU,1699816470
259,crane,31.3974,-102.3501,15.46,68,100,4.75,US,1699816471
260,cockburn town,21.4612,-71.1419,28.26,78,0,8.77,TC,1699816471
261,vila velha,-20.3297,-40.2925,29.97,74,0,8.75,BR,1699816471
262,holualoa,19.6228,-155.9522,26.97,71,40,3.6,US,1699816472
263,kailua-kona,19.6406,-155.9956,29.04,72,40,3.6,US,1699816472
264,manggar,-2.8833,108.2667,27.58,75,100,0.82,ID,1699816472
265,mamuju,-2.6748,118.8885,25.76,87,54,1.59,ID,1699816472
266,georgetown,5.4112,100.3354,27.79,89,20,0.0,MY,1699816430
267,hamilton,39.1834,-84.5333,14.99,47,0,3.6,US,1699816472
268,vorgashor,67.5833,63.95,-9.51,94,18,5.05,RU,1699816473
269,aykhal,66.0,111.5,-12.2,86,100,3.15,RU,1699816473
270,serchhip,23.3,92.8333,13.07,82,1,1.32,IN,1699816473
271,peniche,39.3558,-9.3811,19.6,93,15,4.62,PT,1699816459
272,mejit,10.2753,170.8646,27.88,81,48,8.5,MH,1699816474
273,konarka,19.9,86.1167,22.22,72,98,3.06,IN,1699816474
274,guilin,25.2819,110.2864,8.59,80,100,4.79,CN,1699816474
275,fortuna,40.5982,-124.1573,14.96,80,100,0.89,US,1699816475
276,dehdasht,30.7949,50.5646,20.3,34,100,1.07,IR,1699816475
277,semporna,4.4818,118.6112,26.21,87,6,2.51,MY,1699816475
278,afaahiti,-17.75,-149.2833,27.93,82,7,3.39,PF,1699816476
279,esuk oron,4.8029,8.2534,25.38,89,80,1.72,NG,1699816476
280,pariaman,-0.619,100.12,25.25,88,100,1.33,ID,1699816476
281,sinabang,2.4803,96.3801,26.06,87,100,2.32,ID,1699816477
282,nicoya,10.1483,-85.452,29.15,78,98,2.39,CR,1699816477
283,port douglas,-16.4833,145.4667,22.8,78,43,3.58,AU,1699816477
284,fort bragg,35.139,-79.006,17.12,54,0,5.66,US,1699816477
285,daru,-9.0763,143.2092,24.41,83,39,3.94,PG,1699816478
286,shahr sultan,29.5765,71.0212,20.58,38,0,2.37,PK,1699816478
287,nemuro,43.3236,145.575,2.99,62,34,3.52,JP,1699816478
288,soledar,48.6794,38.089,10.17,66,95,11.15,UA,1699816479
289,gusinoozyorsk,51.2833,106.5,-12.94,93,24,0.61,RU,1699816479
290,afif,23.9065,42.9172,22.15,28,61,3.91,SA,1699816208
291,bodo,67.28,14.405,-0.68,56,0,11.83,NO,1699816480
292,ardakan,32.31,54.0175,17.35,30,93,2.11,IR,1699816480
293,vila franca do campo,37.7167,-25.4333,18.23,95,100,8.23,PT,1699816481
294,tsiombe,-25.3,45.4833,22.28,75,0,1.87,MG,1699816481
295,aripuana,-9.1667,-60.6333,34.96,41,67,0.91,BR,1699816224
296,bamboo flat,11.7,92.7167,25.05,94,75,0.51,IN,1699816482
297,la sarre,48.8002,-79.1996,-0.23,85,79,3.63,CA,1699816482
298,arkhangel'sk,64.5401,40.5433,-3.26,93,17,2.72,RU,1699816482
299,vorkuta,67.5,64.0,-9.37,94,15,4.87,RU,1699816483
300,utrik,11.2278,169.8474,27.92,80,100,8.73,MH,1699816483
301,saint-francois,46.4154,3.9054,13.14,95,100,2.06,FR,1699816484
302,banda aceh,5.5577,95.3222,26.45,82,100,2.9,ID,1699816484
303,las palmas de gran canaria,28.0997,-15.4134,23.21,83,0,6.69,ES,1699816224
304,naryn,41.4287,75.9911,-5.65,70,66,3.5,KG,1699816485
305,elizabeth city,36.2946,-76.2511,14.47,76,100,8.23,US,1699816485
306,pine ridge,28.9383,-82.4734,25.49,75,100,4.12,US,1699816486
307,taco pozo,-25.6167,-63.2833,32.93,54,44,7.97,AR,1699816488
308,shenjiamen,29.9576,122.298,10.62,60,10,10.99,CN,1699816488
309,voznesenskoye,54.89,42.7569,5.69,90,100,7.15,RU,1699816489
310,gisborne,-38.6533,178.0042,14.59,62,0,1.41,NZ,1699816390
311,mount isa,-20.7333,139.5,19.87,88,0,0.0,AU,1699816490
312,ghatanji,20.1333,78.3167,21.83,47,68,0.65,IN,1699816490
313,nellore,14.4333,79.9667,24.84,78,100,1.88,IN,1699816435
314,phek,25.6667,94.5,8.21,98,13,0.75,IN,1699816491
315,mek'ele,13.4967,39.4753,17.41,61,96,6.32,ET,1699816491
316,siracusa,37.0881,15.2792,22.66,55,100,7.96,IT,1699816492
317,assab,13.0092,42.7394,28.11,74,2,9.38,ER,1699816492
318,ocean shores,46.9737,-124.1563,10.57,92,100,3.13,US,1699816492
319,ta`u,-14.2336,-169.5144,27.58,81,7,5.64,AS,1699816493
320,choibalsan,48.0667,114.5,-8.91,79,2,5.16,MN,1699816493
321,kijang,35.2442,129.2139,-0.15,51,0,3.28,KR,1699816493
322,auki,-8.7676,160.7034,24.56,88,100,2.14,SB,1699816494
323,saint croix,17.7397,-64.7388,31.25,74,40,7.72,VI,1699816411
324,lorengau,-2.0226,147.2712,26.0,80,95,2.29,PG,1699816494
325,krasnyy chikoy,50.3643,108.7512,-12.48,98,50,0.88,RU,1699816495
326,kamloops,50.6665,-120.3192,5.32,67,100,4.63,CA,1699816329
327,richards bay,-28.783,32.0377,20.16,78,100,5.05,ZA,1699816496
328,turpan,42.9333,89.1667,6.16,31,14,0.4,CN,1699816496
329,cabedelo,-6.9811,-34.8339,29.37,64,0,6.42,BR,1699816211
330,ballina,-28.8667,153.5667,19.32,88,5,4.22,AU,1699816497
331,magadan,59.5667,150.8,-11.47,68,100,5.06,RU,1699816497
332,sabrum,23.0,91.7319,18.47,92,5,1.13,IN,1699816498
333,port moresby,-9.4431,147.1797,21.68,94,75,2.57,PG,1699816498
334,el bauga,18.262,33.9081,32.09,24,100,3.69,SD,1699816498
335,papao,-17.75,-149.55,28.82,78,16,1.29,PF,1699816498
336,pandan,14.0453,124.1694,27.1,86,99,5.81,PH,1699816499
337,gizo,-8.103,156.8419,27.23,78,100,5.43,SB,1699816499
338,fuman,37.2273,49.3142,18.84,60,78,1.09,IR,1699816499
339,bikenibeu village,1.3673,173.1241,26.98,94,100,4.63,KI,1699816500
340,chissamba,-12.1667,17.3333,18.27,96,100,3.09,AO,1699816283
341,ashmyany,54.425,25.9378,5.0,87,100,7.37,BY,1699816500
342,fale old settlement,-9.3852,-171.2468,28.65,72,100,0.98,TK,1699816500
343,al kharijah,25.4514,30.5464,27.02,38,23,4.71,EG,1699816501
344,dryden,49.7833,-92.7503,2.16,87,75,4.63,CA,1699816501
345,fortaleza,-3.7227,-38.5247,30.07,59,0,6.69,BR,1699816290
346,altay,47.8667,88.1167,-0.71,71,100,2.5,CN,1699816503
347,xuanzhou,30.9525,118.7553,4.57,68,47,1.33,CN,1699816503
348,martapura,-3.4167,114.85,26.05,100,39,3.6,ID,1699816504
349,beira,-19.8436,34.8389,24.05,88,20,4.12,MZ,1699816504
350,sampang,-7.1872,113.2394,27.7,77,13,3.32,ID,1699816508
351,mahina,-17.5065,-149.489,28.87,79,75,5.66,PF,1699816508
352,kirs,59.3388,52.2447,0.49,87,100,2.29,RU,1699816509
353,al bawiti,28.3492,28.8659,23.41,53,0,3.7,EG,1699816509
354,lloydminster,53.2835,-110.0016,5.12,45,75,9.77,CA,1699816406
355,johi,26.6921,67.6133,22.99,21,100,0.09,PK,1699816510
356,bathsheba,13.2167,-59.5167,28.34,78,40,9.77,BB,1699816510
357,cantagalo,-21.9811,-42.3681,33.97,39,52,1.36,BR,1699816510
358,masindi,1.6744,31.715,19.35,89,73,0.82,UG,1699816510
359,murun-kuren,49.6342,100.1625,-9.23,56,34,1.65,MN,1699816511
360,rabaul,-4.1967,152.1721,25.58,81,100,3.97,PG,1699816511
361,ceerigaabo,10.6162,47.368,18.95,71,68,2.51,SO,1699816511
362,bonthe,7.5264,-12.505,26.99,84,89,3.71,SL,1699816512
363,calvinia,-31.4707,19.776,18.42,24,0,2.45,ZA,1699816513
364,luderitz,-26.6481,15.1594,20.23,53,0,9.74,NA,1699816513
365,bumba,2.1833,22.4667,21.69,97,21,0.84,CD,1699816514
366,mar del plata,-38.0023,-57.5575,16.72,53,0,9.26,AR,1699816514
367,cannonvale,-20.2833,148.7,23.66,73,17,4.46,AU,1699816514
368,coyhaique,-45.5752,-72.0662,10.34,49,75,3.09,CL,1699816515
369,chernyshevskiy,63.0128,112.4714,-15.18,98,100,1.23,RU,1699816515
370,hammerfest,70.6634,23.6821,-7.75,67,0,1.54,NO,1699816515
371,leh,34.1667,77.5833,1.41,43,7,1.33,IN,1699816515
372,dogubayazit,39.5469,44.0842,9.94,57,46,1.64,TR,1699816516
373,eirunepe,-6.6603,-69.8736,34.0,48,99,1.42,BR,1699816478
374,titusville,28.6122,-80.8075,27.83,84,75,7.72,US,1699816517
375,sume,-7.6717,-36.88,33.97,20,3,5.99,BR,1699816283
376,palikir - national government center,6.9248,158.1611,28.06,72,100,4.07,FM,1699816224
377,mount pearl,47.5166,-52.7813,0.74,83,100,3.6,CA,1699816518
378,borisoglebskiy,57.2586,39.1508,4.6,95,100,6.08,RU,1699816518
379,wotho,10.1657,166.0102,26.85,84,100,10.54,MH,1699816518
380,flying fish cove,-10.4217,105.6791,25.82,78,100,4.12,CX,1699816519
381,sarangani,5.4033,125.4636,28.13,77,25,2.18,PH,1699816519
382,labytnangi,66.6572,66.4183,-12.1,90,8,3.65,RU,1699816519
383,poyarkovo,49.6,128.6833,-12.27,88,10,2.8,RU,1699816520
384,boguchany,58.3814,97.4531,-9.52,94,96,1.34,RU,1699816520
385,petropavlovsk-kamchatsky,53.0452,158.6483,-3.08,74,75,12.52,RU,1699816520
386,severnoye,56.3491,78.3619,1.1,98,100,4.47,RU,1699816520
387,gadzhiyevo,69.2551,33.3362,-7.91,98,90,4.65,RU,1699816521
388,portland,45.5234,-122.6762,12.83,87,100,3.6,US,1699816418
389,tamanrasset,22.785,5.5228,21.95,13,0,2.57,DZ,1699816521
390,mili,6.0815,171.735,28.74,79,100,8.1,MH,1699816521
391,isla mujeres,21.2311,-86.731,29.03,74,21,5.05,MX,1699816522
392,luumaki,60.9262,27.5814,2.03,87,100,5.42,FI,1699816522
393,tazacorte,28.629,-17.9293,22.54,91,40,4.12,ES,1699816523
394,masjed soleyman,31.9364,49.3039,24.71,29,100,1.1,IR,1699816523
395,port macquarie,-31.4333,152.9167,21.05,90,100,8.21,AU,1699816523
396,bullsbrook,-31.6667,116.0,18.93,63,98,3.6,AU,1699816523
397,touros,-5.1989,-35.4608,27.85,63,0,7.6,BR,1699816523
398,el calafate,-50.3408,-72.2768,9.88,59,86,4.45,AR,1699816524
399,mont-dore,-22.2833,166.5833,23.33,99,100,3.97,NC,1699816524
400,taltal,-25.4,-70.4833,20.01,62,19,4.01,CL,1699816524
401,onda,39.9667,-0.25,20.09,49,90,2.65,ES,1699816525
402,bargaal,11.2864,51.0773,27.54,77,15,6.08,SO,1699816525
403,almora,29.6167,79.6667,9.26,84,0,0.75,IN,1699816525
404,geraldton,-28.7667,114.6,19.23,77,0,3.6,AU,1699816229
405,charters towers,-20.1,146.2667,17.8,91,0,2.04,AU,1699816526
406,broken hill,-31.95,141.4333,14.82,37,74,6.05,AU,1699816320
407,uturoa,-16.7333,-151.4333,27.11,81,12,4.12,PF,1699816526
408,robore,-18.3333,-59.75,41.7,21,94,6.65,BO,1699816527
409,preston,53.7667,-2.7167,8.29,94,100,4.84,GB,1699816527
410,plastun,44.7561,136.2939,-7.48,63,5,2.78,RU,1699816527
411,beloretsk,53.9631,58.3981,0.29,89,100,0.89,RU,1699816528
412,tolstoy-yurt,43.4444,45.7722,9.18,87,57,0.0,RU,1699816528
413,krishnarajpet,12.655,76.4883,18.81,86,97,2.52,IN,1699816529
414,bam,29.106,58.357,19.47,31,98,1.11,IR,1699816529
415,beipiao,41.7919,120.7792,-8.71,80,1,1.18,CN,1699816529
416,zhangzhou,24.5133,117.6556,19.96,77,100,0.95,CN,1699816529
417,floro,61.5996,5.0328,5.54,65,0,3.6,NO,1699816530
418,tanout,14.9709,8.8879,26.89,11,100,5.0,NE,1699816530
419,andergrove,-21.0833,149.1833,19.8,68,14,4.07,AU,1699816530
420,san patricio,28.017,-97.5169,16.97,93,100,4.08,US,1699816531
421,gebeit,21.0667,36.3167,25.48,64,71,3.47,SD,1699816531
422,sydney mines,46.2367,-60.2177,4.59,73,75,7.2,CA,1699816531
423,luis correia,-2.8792,-41.6669,31.0,66,0,8.75,BR,1699816531
424,zaozersk,69.4005,32.4476,-10.54,99,95,3.4,RU,1699816532
425,benguela,-12.5763,13.4055,26.69,76,98,2.04,AO,1699816532
426,rouyn-noranda,48.2398,-79.0288,-0.06,80,94,3.2,CA,1699816312
427,burang,30.25,81.1667,-2.73,64,0,0.68,CN,1699816533
428,champerico,14.3,-91.9167,34.3,67,4,3.03,GT,1699816533
429,high river,50.5834,-113.8687,9.75,22,62,0.63,CA,1699816534
430,solleftea,63.1667,17.2667,-1.08,96,100,3.25,SE,1699816534
431,port sudan,19.6175,37.2164,29.19,73,100,1.89,SD,1699816534
432,qarazhal,48.0078,70.7903,2.35,98,100,3.93,KZ,1699816535
433,pointe-noire,-4.7761,11.8635,26.39,80,100,1.37,CG,1699816536
434,yallahs,17.8748,-76.5624,33.85,62,9,5.74,JM,1699816536
435,red hill,33.9996,-79.2581,14.49,79,100,4.86,US,1699816536
436,kuraymah,18.55,31.85,32.04,20,31,2.95,SD,1699816537
437,port shepstone,-30.7414,30.455,19.31,76,100,6.73,ZA,1699816538
438,rundu,-17.9333,19.7667,29.74,20,87,2.64,NA,1699816538
439,atamyrat,37.8357,65.2106,12.57,24,75,4.65,TM,1699816538
440,kapa'a,22.0752,-159.319,26.99,82,40,9.77,US,1699816539
441,rongelap,11.1635,166.8941,27.62,82,100,8.84,MH,1699816540
442,launceston,-41.45,147.1667,6.56,81,9,2.06,AU,1699816540
443,pemangkat,1.1667,108.9667,25.53,84,100,1.52,ID,1699816541
444,labin,45.095,14.1197,10.14,86,100,1.07,HR,1699816542
445,yurty,56.0498,97.6348,-11.2,92,85,1.11,RU,1699816542
446,taroa,8.7058,171.2275,28.21,81,99,8.28,MH,1699816542
447,bandarbeyla,9.4942,50.8122,27.09,83,84,7.34,SO,1699816543
448,horta,38.5333,-28.6333,20.8,91,75,10.29,PT,1699816543
449,betio village,1.358,172.9211,27.02,81,100,4.18,KI,1699816543
450,tarija,-21.5355,-64.7296,34.95,24,75,3.6,BO,1699816473
451,valozhyn,54.0909,26.5225,5.33,84,100,7.16,BY,1699816543
452,mukachevo,48.4419,22.7179,7.69,90,93,1.61,UA,1699816544
453,knysna,-34.0363,23.0471,14.01,81,0,1.56,ZA,1699816290
454,llallagua,-18.4167,-66.6333,17.78,24,98,2.21,BO,1699816544
455,kayangel,8.0823,134.7173,28.25,80,78,6.52,PW,1699816545
456,mossel bay,-34.1831,22.146,15.96,74,0,0.54,ZA,1699816545
457,turinskaya sloboda,57.6232,64.3858,0.05,90,19,2.86,RU,1699816545
458,nguigmi,14.2495,13.1092,28.64,19,5,4.78,NE,1699816545
459,namibe,-15.1961,12.1522,21.78,78,99,1.49,AO,1699816546
460,colonia,50.9333,6.95,7.7,86,0,3.09,DE,1699816547
461,kidal,18.4411,1.4078,27.96,9,0,4.51,ML,1699816547
462,aleksandrovskoye,44.7142,43.0008,12.51,73,100,3.37,RU,1699816548
463,flin flon,54.7682,-101.865,-0.09,100,100,2.06,CA,1699816548
464,antofagasta,-23.65,-70.4,19.6,67,10,5.82,CL,1699816548
465,barcelos,41.5388,-8.6151,18.29,96,100,3.76,PT,1699816548
466,nadym,65.5333,72.5167,-6.19,94,90,5.67,RU,1699816548
467,chuzhou,32.3219,118.2978,4.39,55,95,2.72,CN,1699816549
468,saint-leu,-21.15,55.2833,20.48,85,12,2.35,RE,1699816549
469,kathu,7.9178,98.3332,29.27,77,92,2.96,TH,1699816549
470,tofol,5.3248,163.0078,26.68,76,94,9.51,FM,1699816550
471,sinop,41.7711,34.8709,10.24,96,99,1.31,TR,1699816551
472,santa ana de yacuma,-13.75,-65.4333,36.97,41,20,7.72,BO,1699816551
473,goldsboro,35.3849,-77.9928,16.78,69,100,5.66,US,1699816488
474,pangody,65.85,74.4859,-4.3,96,100,5.11,RU,1699816552
475,kikwit,-5.041,18.8162,21.33,97,100,0.8,CD,1699816552
476,nurhak,37.9629,37.4202,10.63,61,5,1.52,TR,1699816552
477,port augusta,-32.5,137.7667,15.41,49,100,3.61,AU,1699816553
478,taoudenni,22.6783,-3.9836,30.1,13,1,5.17,ML,1699816554
479,medicine hat,50.0501,-110.6683,10.4,35,20,7.2,CA,1699816534
480,hadibu,12.65,54.0333,26.93,82,44,5.94,YE,1699816554
481,tobelo,1.7284,128.0095,26.05,79,100,1.94,ID,1699816555
482,pindwara,24.8,73.0667,19.15,30,97,1.47,IN,1699816555
483,lazaro cardenas,17.9583,-102.2,30.88,62,6,2.31,MX,1699816466
484,oamaru,-45.0784,170.9801,14.06,69,94,5.0,NZ,1699816556
485,myitkyina,25.3833,97.4,17.6,74,0,1.06,MM,1699816381
486,alaghsas,17.0187,8.0168,26.86,10,0,4.83,NE,1699816557
487,norwalk,33.9022,-118.0817,29.47,14,0,2.57,US,1699816552
488,yorkton,51.2167,-102.4677,4.91,65,0,8.75,CA,1699816557
489,chibougamau,49.9168,-74.3659,-4.21,86,100,2.57,CA,1699816558
490,san rafael,-34.6177,-68.3301,16.21,19,0,5.84,AR,1699816494
491,morazan,15.3167,-87.6,29.87,79,65,1.85,HN,1699816559
492,qarauyl,48.9451,79.255,1.42,80,44,6.92,KZ,1699816560
493,ketchikan,55.3422,-131.6461,6.26,70,0,3.09,US,1699816323
494,tambopata,-12.7333,-69.1833,36.94,63,40,3.6,PE,1699816560
495,ca mau,9.1769,105.15,24.91,95,82,3.2,VN,1699816561
496,borba,-4.3878,-59.5939,39.26,27,95,1.51,BR,1699816561
497,wainwright,52.839,-110.8572,6.03,28,6,7.69,CA,1699816562
498,mil'kovo,55.6078,37.7956,8.27,93,100,6.79,RU,1699816562
499,sal rei,16.1833,-22.9167,27.11,69,62,5.14,CV,1699816562
500,oranjemund,-28.55,16.4333,15.4,78,1,9.48,NA,1699816563
501,dalcahue,-42.3628,-73.7022,12.89,66,75,3.09,CL,1699816563
502,san jose del guaviare,2.5729,-72.6459,29.77,72,44,1.0,CO,1699816563
503,cascais,38.6979,-9.4215,19.96,92,9,3.13,PT,1699816564
504,kuusamo,65.9667,29.1833,-6.98,93,100,2.57,FI,1699816565
505,east london,-33.0153,27.9116,17.0,70,0,6.18,ZA,1699816513
506,ongjin,37.9347,125.3619,1.89,63,3,6.59,KP,1699816565
507,yuzhno-kurilsk,44.0306,145.8556,2.43,80,25,2.98,RU,1699816565
508,fort st. john,56.2499,-120.8529,1.94,60,20,6.17,CA,1699816506
509,zabid,14.1951,43.3152,28.3,68,6,4.41,YE,1699816566
510,thunder bay,48.4001,-89.3168,6.99,81,100,2.06,CA,1699816566
511,hami,42.8,93.45,2.94,29,100,1.2,CN,1699816506
512,batang,-6.4846,110.7083,26.7,79,84,2.18,ID,1699816568
513,olyokminsk,60.3736,120.4264,-13.83,97,97,1.52,RU,1699816568
514,ulanhot,46.0833,122.0833,-6.25,59,0,4.4,CN,1699816568
515,lautoka,-17.6167,177.4667,24.92,83,75,2.57,FJ,1699816569
516,barbacoas,1.6715,-78.1398,28.63,82,70,1.91,CO,1699816569
517,arno,60.1167,18.6333,4.32,97,100,5.04,SE,1699816570
518,monteros,-27.1674,-65.4983,22.75,87,100,0.85,AR,1699816571
519,nianzishan,47.5167,122.8833,-10.46,85,3,2.22,CN,1699816571
520,turan,16.0678,108.2208,25.99,94,75,1.03,VN,1699816350
521,ghanzi,-21.5667,21.7833,31.05,20,24,3.55,BW,1699816571
522,uri,34.0833,74.0333,10.68,48,0,2.57,IN,1699816572
523,wetaskiwin,52.9668,-113.3687,6.71,28,0,3.84,CA,1699816572
524,arraial do cabo,-22.9661,-42.0278,28.92,74,0,4.63,BR,1699816572
525,qorovulbozor,39.5006,64.7936,3.84,36,9,3.72,UZ,1699816573
526,tosontsengel,48.7567,98.2839,-20.6,80,11,0.49,MN,1699816573
527,mournies,35.4764,24.0092,20.46,82,40,3.09,GR,1699816574
528,fort saskatchewan,53.7168,-113.2187,8.33,45,5,2.57,CA,1699816575
529,rikaze,29.25,88.8833,-0.16,22,0,1.84,CN,1699816575
530,doka,13.5167,35.7667,28.76,36,0,2.58,SD,1699816575
531,loch garman,52.3342,-6.4575,12.34,100,100,2.68,IE,1699816576
532,vila do maio,15.1333,-23.2167,27.44,71,100,4.08,CV,1699816575
533,diboll,31.1871,-94.781,19.16,74,20,2.57,US,1699816576
534,xinyang,32.1228,114.0656,5.21,77,88,2.16,CN,1699816577
535,villa constitucion,-33.2278,-60.3297,26.1,49,99,5.01,AR,1699816577
536,viedma,-40.8135,-62.9967,16.74,16,4,7.56,AR,1699816578
537,sidi qacem,34.2215,-5.7078,17.12,49,100,0.77,MA,1699816578
538,yemetsk,63.4721,41.7941,-4.82,81,39,3.74,RU,1699816578
539,sungai penuh,-2.0833,101.3833,18.63,97,100,1.37,ID,1699816579
540,pitimbu,-7.4706,-34.8086,29.33,63,0,5.91,BR,1699816579
541,gornyatskiy,48.2915,40.9575,11.38,73,100,7.73,RU,1699816579
542,ibiza,38.9088,1.433,18.85,80,0,3.6,ES,1699816383
543,katabu,-4.9333,122.5167,23.26,89,60,1.19,ID,1699816580
544,kenora,49.8167,-94.4337,1.54,93,100,4.12,CA,1699816580
545,kupang,-10.1667,123.5833,26.32,94,8,1.03,ID,1699816580
546,murygino,58.7383,49.4582,2.42,89,100,4.23,RU,1699816581
547,ceylanpinar,36.8472,40.05,19.64,38,100,3.29,TR,1699816581
548,letpandan,17.7833,95.75,24.41,93,100,2.46,MM,1699816582
549,qal'ah-ye shahr,35.5473,65.5676,5.29,50,0,1.41,AF,1699816582
550,selfoss,63.9331,-20.9971,3.36,72,100,6.83,IS,1699816583
551,primorsko-akhtarsk,46.0497,38.1747,12.42,71,8,7.58,RU,1699816583
552,maues,-3.3836,-57.7186,41.0,23,94,1.63,BR,1699816584
553,cabo san lucas,22.8909,-109.9124,29.78,57,0,5.14,MX,1699816345
554,lydenburg,-25.0978,30.4597,17.53,89,53,2.4,ZA,1699816585
555,severobaykal'sk,55.65,109.3167,-6.39,83,89,1.29,RU,1699816585
556,naze,28.3667,129.4833,16.51,68,65,7.39,JP,1699816585
557,katsuren-haebaru,26.3369,127.8719,22.01,62,40,5.14,JP,1699816586
558,south hedland,-20.4089,118.5983,20.96,88,7,2.57,AU,1699816586
559,baiyin,36.5583,104.2081,-1.91,66,1,0.7,CN,1699816587
560,altai,46.3722,96.2583,-10.87,66,0,0.91,MN,1699816587
561,aioun,16.6614,-9.6149,31.78,14,6,4.6,MR,1699816587
562,rockland,41.1668,-74.0496,7.54,57,39,0.45,US,1699816522
563,childress,34.4264,-100.204,18.14,48,0,3.6,US,1699816588
564,pamandzi,-12.7967,45.2794,28.88,74,40,2.06,YT,1699816588
565,jiagedaqi,50.4167,124.1167,-11.74,87,21,1.91,CN,1699816588
566,yamada,39.4667,141.95,5.26,79,100,2.73,JP,1699816589
567,laguna,38.421,-121.4238,21.21,45,0,2.06,US,1699816589
568,kangding,30.0513,101.9603,4.65,79,51,1.42,CN,1699816589
